Name,Path,Repository,Developer,Version,Tag,Commit
Moodle core,/,git@github.com:ULCC-QMUL/qmplus.git,,3.6.3+ (Build: 20190508),QMU-develop-36,
Ally,admin/tool/ally,git@github.com:blackboard-open-source/moodle-tool_ally.git,Copyright (c) 2016 Blackboard Inc. (http://www.blackboard.com),2019061200,,a10285bdab2678277722ad3bb1c6ef17819b0443
Merge user accounts,admin/tool/mergeusers,git@github.com:ndunand/moodle-tool_mergeusers.git,,2018050401,,391ecb6737dfd7ecc704f1e0744b2bec2bd7ca57
CAS server (SSO) with external database,auth/cas_db,git@github.com:ULCC-QMUL/moodle-auth_cas_db.git,,2016012600,master,b6ef8be3c99a8dbe81c1de94e264e553eca1ba44
External database (sync to other),auth/dbsyncother,git@github.com:ULCC-QMUL/moodle-auth_dbsyncother2.git,1999 onwards Martin Dougiamas (http://dougiamas.com),2018050900,MISCOMMON,adcc71102569a837c7dfb8f36695a86bae244741
OpenID Connect,auth/oidc,git@github.com:Microsoft/moodle-auth_oidc.git,(C) 2014 onwards MicrosoftInc. (http://microsoft.com/),2018120300,v3.6.0.0,f42bb671a469734419387e108b87ca04f487e3e9
SAML2,auth/saml2,git@github.com:catalyst/moodle-auth_saml2.git,Brendan Heywood <brendan@catalyst-au.net>,2019022100,,c1cead062f032fe9401806021191196f89c0198b
$string[pluginname] = "ULCC Single sign on",auth/ulcc_sharedsecret_sso,git@github.com:ULCC-QMUL/moodle-auth_ulcc_sharedsecret_sso.git,&copy; 2011 University of London Computer Centre,201203200101,master,d19c3c3dc337c2946f0834212ced6a13c3e778eb
Accessibility,blocks/accessibility,git@github.com:ULCC-QMUL/moodle-block_accessibility.git,Copyright 2009 onwards Taunton's College (5),2015011600,master,81058b025be4413276b0329f98825352d7caeae9
Talis Aspire Resource Lists,blocks/aspirelists,git@github.com:ULCC-QMUL/talis-block_aspirelists.git,,2018052910,master,484b8454f275f3d095fbbfc11bc2cabeb8e01705
Assessment Information,blocks/assessment_information,git@github.com:ULCC-QMUL/moodle-block_assessment_information.git,2015 Queen Mary University of London Shubhendra Doiphode,2019011806,,0641bd3a127d9e8e6c4fd66393d023555f768c32
Assignment Get Feedback,blocks/assign_get_feedback,git@github.com:ULCC-QMUL/moodle-block_assign_get_feedback.git,,2020032602,,f964cc09a8aa27334c960861785b7c24fb0fa17c
Attendance,blocks/attendance,git@github.com:danmarsden/moodle-block_attendance.git,2011 Artem Andreev <andreev.artem@gmail.com>,2018052100,,ed9648b0233e74e00a1c2f6eb78bf776b09ff392
Bulk Activity Creation,blocks/bulkactivity,git@github.com:doiphode/moodle-block_bulkactivity.git,2019 Queen Mary University of London,2019012002,,91ac88b1bfda7d6e1150249dceb3c5fef95d5a46
Completion Progress,blocks/completion_progress,git@github.com:/deraadt/moodle-block_completion_progress,2018 Michael de Raadt,2018111000,^2a0e737996368d49b7d35a329fc50aa9a8cb5701,2a0e737996368d49b7d35a329fc50aa9a8cb5701
,blocks/course_contents,git@github.com:ULCC-QMUL/moodle-block_course_contents.git,,,master,1ed8ddf95069c43601ee9f221f779989361661e2
Course Menu,blocks/course_menu,git@github.com:ULCC-QMUL/moodle-block_course_menu.git,,2018052500,Upgrade2019,b86d81aeaa182a6858eda3342f882e733d67a69f
,blocks/course_overview,git@github.com:thepurpleblob/moodle-block_course_overview.git,,,master,19a50167d1a145cd64df100c1a615c3f1fa18d87
Course overview on campus,blocks/course_overview_campus,git@github.com:moodleuulm/moodle-block_course_overview_campus.git,2013 Alexander BiasUlm University <alexander.bias@uni-ulm.de>,2019032800,,e25b1b4374f0120d38498ab664352ef0c31c3b8e
Course Profile,blocks/course_profile,git@github.com:ULCC-QMUL/moodle-block_course_profile.git,1999 onwards Martin Dougiamas (http://dougiamas.com),2016061600,develop_36,ebc497ff7ef32b0ca86e063b42449c8d2e83146c
,blocks/course_reports,git@github.com:ULCC-QMUL/moodle-block_course_reports.git,,,master,ecdc1030fd544a8439a763ac3940c6ab9345509a
Course Rollover,blocks/course_rollover,git@github.com:ULCC-QMUL/moodle-block_course_rollover.git,,2020030900,Upgrade2020,9891747ec2b964dcfb88b663cb264b75e9cadf43
QM+ Glossary Subscriptions,blocks/glsubs,git@github.com:ULCC-QMUL/moodle-block_glsubs.git,,2019111800,,3445b036138810f9eb646af2df78630a26f3d172
Heatmap,blocks/heatmap,git@github.com:deraadt/moodle-block_heatmap.git,2016 Michael de Raadt,2016120700,^37e7d8ec3400cb4aabc8aba0d64ce6185a6dbb8f,37e7d8ec3400cb4aabc8aba0d64ce6185a6dbb8f
Kortext Bookshelf,blocks/kortext,git@github.com:ULCC-QMUL/moodle-block_kortext.git,1999 onwards Martin Dougiamas (http://dougiamas.com),2019091300,master,fa726d6ebba26ca870fd7b7559161dabce8f4f41
Landing page,blocks/landingpage,git@github.com:ULCC-QMUL/moodle-block_landingpage.git,2017 Davo SmithSynergy Learning,2017061200,develop_36,4a6fcaab28ecc0722224ba779bd19b2ce8ed93e7
Mass action block,blocks/massaction,git@github.com:ULCC-QMUL/moodle-block_massaction.git,,2017071000,Upgrade2019,d671a8c95a52d116e6f020a4a4c37b2e4df3d848
Messages,blocks/messages,git@github.com:moodlehq/moodle-block_messages.git,1999 onwards Martin Dougiamas (http://dougiamas.com),2017051500,master,4634784300a06cee713f0fd1540405db2a940c84
Microsoft block,blocks/microsoft,git@github.com:Microsoft/moodle-block_microsoft.git,(C) 2014 onwards MicrosoftInc. (http://microsoft.com/),2018120300,MOODLE_36_STABLE,68bd974e39ba0af4e7d84f5f94274390b1227442
Content Creation,blocks/modlib,git@github.com:ULCC-QMUL/moodle-block_modlib.git,1999 onwards Martin Dougiamas (http://dougiamas.com),2019102400,GM,9892b119ab82c1ba1e1f2e398101308302a8a383
Module Info,blocks/module_info,git@github.com:ULCC-QMUL/moodle-block_module_info.git,,2017092201,Sept2019,2bba9e078c0af86182f8527a0422c9e80bd265aa
OneNote block,blocks/onenote,git@github.com:Microsoft/moodle-block_onenote.git,MicrosoftInc.,2016062001,master,d9313b24df7b9c1bdc50447d48406a7b348f231e
Evaluations (EvaSys),blocks/onlinesurvey,git@github.com:ULCC-QMUL/moodle-block_onlinesurvey.git,,2018092600,develop_36,efdc6789014131e9520ca498a614f0234531faa2
Pearson Custom (Block),blocks/pearson,git@github.com:ULCC-QMUL/moodle-block_pearson.git,2012-2013 Pearson Education,2017052300,master,dd944c62d7458b9afd4db01881a089cc51f1ce69
Progress Bar,blocks/progress,git@github.com:deraadt/Moodle-block_progress.git,2010 Michael de Raadt,2016081800,master,6f34f5073026d3a69b7603036f6eac695d5455e9
QMplus Module overview (QMplus),blocks/qmplus_course_overview,git@github.com:ULCC-QMUL/moodle-block_qmplus_course_overview.git,1999 onwards Martin Dougiamas (http://dougiamas.com),2014120300,,e3905700365afa2f53ff0cf30cb7a572a3b413f2
QMUL blindmarking block,blocks/qmul_blindmarking,git@github.com:ULCC-QMUL/moodle-block_qmul_blindmarking.git,2018 Queen Mary University of London,2018090701,,fd2a3f762c36e68a6663fe061b36a914116f7e31
Course Mappings,blocks/qmul_course_mappings,git@github.com:ULCC-QMUL/moodle-block_qmul_course_mappings.git,2015 Queen MaryUniversity of London,2015070300,master,30c0b6fdae592a1551236ba2368c707aa0a2caf9
Course Metadata,blocks/qmul_course_metadata,git@github.com:ULCC-QMUL/moodle-block_qmul_course_metadata.git,2015 Queen Mary University of London,2015062201,master,f8c49a37b8b31fe76bfa1c6f38c0cb0eabbcdefa
My QMUL Modules,blocks/qmul_my_qmplus,git@github.com:ULCC-QMUL/moodle-block_qmul_my_qmplus.git,2015 onwards ITS QMUL (http://www.its.qmul.ac.uk/),2015092403,master,ed21d140cb0cf0f508acd33cf94b05e1bb005082
QMUL My Profile,blocks/qmul_myprofile,git@github.com:ULCC-QMUL/moodle-block_qmul_myprofile.git,2013 Queen MaryUniversity of London,2017062101,July2017,0111813e64fd6b095c17ec3285f6970773fbfeab
Quickmail,blocks/quickmail,git@github.com:ULCC-QMUL/moodle-block_quickmail.git,2008-2017 Louisiana State University,2017122001,develop_34,fd0b0fc8efee0577a25b35fc9bcb74731d932776
,blocks/quickscan,git@github.com:lucisgit/moodle-block_quickscan.git,,,master,b8bbf0a7a75db92f6aaa7fd3bb0471e641bb2eed
NED Side bar,blocks/side_bar,git@github.com:ULCC-QMUL/moodle-block_side_bar.git,2016 onwards Fernando Oliveira,2016090600,master,d5e904669e0d72d95940791da27e86de04ace13d
$string[pluginname] = TurningTech Block,blocks/turningtech,git@github.com:ULCC-QMUL/moodle-block_turningtech.git,Turning Technologies,2014110400,develop,2646ceed0298fb32cb427f7a731e2be0a93bdd12
Turnitin block,blocks/turnitin,git@github.com:turnitin/moodle-block_turnitin.git,,2018121801,master,3d987c98c9875415a955782d2525479384c40159
ULCC Administration,blocks/ulcc_diagnostics,git@github.com:ULCC-QMUL/moodle-block_ulcc_diagnostics.git,,2013070800,master,404599dba7950c7b8080d35fef9773254644f50d
Widgets,blocks/widgets,git@github.com:ULCC-QMUL/moodle-block_widgets.git,2017 Davo SmithSynergy Learning,2018041100,develop_36,90952ce85f41a0dde876ba456acea64a55725e26
Level up!,blocks/xp,git@github.com:/FMCorz/moodle-block_xp,2014 Frédéric Massart,2019061101,,af3691bfbbe9f87e5c9c37e2ee5c02373d28380a
Flexible sections format,course/format/flexsections,git@github.com:marinaglancy/moodle-format_flexsections.git,2012 Marina Glancy,2017102700,3.2.2,d8b44d08128f2b2da301191cc07f7c175d82a668
Grid format,course/format/grid,git@github.com:ULCC-QMUL/moodle-format_grid.git,&copy; 2012 G J Barnard in respect to modifications of standard topics format.,2016111506,master,3fa32de8c01508e20081e9b422cc91eec731b904
Landing Page format,course/format/landingpage,git@github.com:ULCC-QMUL/moodle-format_landingpage.git,1999 onwards Martin Dougiamas (http://dougiamas.com),2017080200,develop_36,60432dfae82645f6e24259bb820da841bc29a806
Grid format (QMUL),course/format/qmulgrid,git@github.com:ULCC-QMUL/moodle-format_qmulgrid.git,&copy; 2012 G J Barnard in respect to modifications of standard topics format.,2018041100,GM,595cf1dac15c38bfbeaba024d8d94458eb1a33f6
Collapsed Topics (QMUL),course/format/qmultc,git@github.com:ULCC-QMUL/moodle-course_format_qmultc.git,&copy; 2009-onwards G J Barnard in respect to modifications of standard topics format.,2019011800,GM,a09b49c2e86e1f493391b831abfb15ac9d6639c9
Topics (QMUL),course/format/qmultopics,git@github.com:ULCC-QMUL/moodle-course_format_qmultopics.git,1999 onwards Martin Dougiamas (http://dougiamas.com),2019011800,,7f3f338caeec28329360283d62d5aebd1253b776
Weekly format (QMUL),course/format/qmulweeks,git@github.com:ULCC-QMUL/moodle-course_format_qmulweeks.git,1999 onwards Martin Dougiamas (http://dougiamas.com),2019011800,,c4e6069665f0f669f269b311379c8ce3129d6e0a
Collapsed Topics,course/format/topcoll,git@github.com:ULCC-QMUL/moodle-format_topcoll.git,&copy; 2009-onwards G J Barnard in respect to modifications of standard topics format.,2018121902,QMU-develop-36,587e75381e576133f78fdaa0b98db29874d39ee5
Topics2 format,course/format/topics2,git@github.com:opitz/moodle-format_topics2.git,1999 onwards Martin Dougiamas (http://dougiamas.com) / Matthias Opitz (opitz@qmx.de),2019041100,,0301588b6d594736937bd9a8b3ba59908b2df98b
Weekly2 format,course/format/weeks2,git@github.com:ULCC-QMUL/moodle-course_format_weeks2.git,1999 onwards Martin Dougiamas (http://dougiamas.com) / Matthias Opitz (opitz@qmx.de),2019041100,,bebc96619bd656c5ded66f0c8b90f5be8ea5fbd0
Auto enrolment,enrol/auto,git@github.com:ULCC-QMUL/moodle-enrol_auto.git,,2017091400,master,1b82773c7d6d2f620ff56ddcf980de9f43b52cda
Cohort category enrolment,enrol/cohortcateg,git@github.com:ULCC-QMUL/moodle-enrol_cohortcateg.git,,2014072301,,8b02e2f037c9db1eef1c5e9bd1f9d6abe12e855e
$string[pluginname] = External database extended,enrol/databaseextended,git@github.com:ULCC-QMUL/moodle-enrol_databaseextended.git,2010 Petr Skoda {@link http://skodak.org},2013120301,master,543ab7993ead62e0fdbd1404fa49d2209bd84daf
Microsoft OneDrive,files/converter/onedrive,git@bitbucket.org:uonmoodle/moodle-fileconverter_onedrive.git,2018 University of Nottingham,2019020800,,fef346d4f3fdfb2b4f332975d3863a769d74c5c5
Ally,filter/ally,git@github.com:blackboard-open-source/moodle-filter_ally.git,Copyright (c) 2017 Blackboard Inc. (http://www.blackboard.com),2018080801,MOODLE_36_STABLE,bdbfdc22429efe6193fbd57fa62edfd62a3080b1
,filter/easychem,git@github.com:ULCC-QMUL/moodle-filter_easychem.git,2014 onwards Carl LeBlond,2015010800,master,7d40f8f7d71893e2cf0ee5db22e0ddc90b54864b
Embed questions,filter/embedquestion,git@github.com:moodleou/moodle-filter_embedquestion.git,2018 The Open University,2019091600,v1.7,e7696ba9295a543dcb3af597b8bf85a7325edca9
,filter/freemind,git@github.com:ULCC-QMUL/moodle-filter_freemind.git,2011 Johannes A. Albert <contact@johannesalbert.com>,2016042900,develop_303,71450a0223c2e8f8403b4ab32e065e062d89215b
H5P Filter,filter/h5p,git@github.com:rschrenk/moodle-filter_h5p.git,2018 Digital Education Society (http://www.dibig.at),2019062500,,a73870d746185a7e395af0ac50877cf877c7eef5
,filter/imageopt,git@github.com:/gthomas2/moodle-filter_imageopt,Copyright (c) 2016 Guy Thomas.,2018062800,MOODLE_36_STABLE,b7ef271d7b8dc4a6f57357b73a7564460edb58c8
Jmol,filter/jmol,git@github.com:geoffrowland/moodle-filter_jmol.git,2013 Geoffrey Rowland <rowland dot geoff at gmail dot com>,2016050100,master,ad84d815666f2439731959bebb23565d9eec44d8
,filter/kaltura,git@github.com:ULCC-QMUL/moodle-filter_kaltura.git,(C) 2014 Remote-Learner.net Inc (http://www.remote-learner.net),2019080436,moodle_36_dev,334f155415f91bbf2eb2131e8134dae2903217ad
,filter/oembed,git@github.com:ULCC-QMUL/moode-filter_oembed.git,Erich M. Wappis / Guy Thomas 2016,2016111100,master,e1cb92b56de3f04c146f64c3f6ba9ccbf0c8559f
,filter/replace,git@github.com:ULCC-QMUL/moodle-filter_replace.git,2016 ULCC {@link http://www.ulcc.ac.uk},2016090800,master,c6e6d0ec7faa8cfa383c9ad5e719984a51414539
Checklist,grade/export/checklist,git@github.com:davosmith/moodle-grade_checklist.git,2010 Davo Smith,2018040201,,0c4227432000aeb705df391938a54a1c7dbe3012
BTEC marking,grade/grading/form/btec,git@github.com:ULCC-QMUL/moodle-gradingform_btec.git,2014 Marcus Green <marcusavgreen at gmail.com>,2016083116,master,d766c0eb5a46bd754c40616e097aa3892553420f
Sync Pearson Custom Grades,grade/import/directpearsonjson,git@github.com:ULCC-QMUL/moodle-gradeimport_directpearsonjson.git,1999 onwards Martin Dougiamas (http://dougiamas.com),2017052300,master,166444eff0b392479f30e42a0b1011eb301a8af8
Marking report,grade/report/marking,git@github.com:ULCC-QMUL/moodle-gradereport_marking.git,1999 onwards Martin Dougiamas (http://dougiamas.com),2012112900,develop_34,f0aa3269349ee493b0b4a329f33ce54ebc77c1b9
QMUL SITS Marks Transfer,grade/report/qmul_sits,git@github.com:ULCC-QMUL/moodle-gradereport_qmul_sits.git,,2015031900,master,71d0a98719df8f4cbcb73b28d2a1c5f18c375902
Chemistry editor,lib/editor/atto/plugins/chemistry,git@github.com:ULCC-QMUL/moodle-editor_atto_chemistry.git,2014 Geoffrey Rowland <rowland.geoff@gmail.com>,2015092900,master,89dfd7c8aa49550b9fcbe5ac2dd1bb16c3510fab
Computer science editor,lib/editor/atto/plugins/computing,git@github.com:ULCC-QMUL/moodle-editor_atto_computing.git,2014 Geoffrey Rowland <rowland.geoff@gmail.com>,2015092900,master,e456bf185b981b223682e0077f6898566a1498b9
EasyChem Equation/Structure Editor,lib/editor/atto/plugins/easychem,git@github.com:ULCC-QMUL/moodle-editor_atto_easychem.git,2014 onwards Carl LeBlond,2015010800,master,14911351d614d59e7092790c23d0430c196c6697
Echo360 Plugin (Atto),lib/editor/atto/plugins/echo360attoplugin,git@github.com:ULCC-QMUL/moodle-editor_atto_echo360attoplugin,COPYRIGHTINFO,2017112800,master,7245713bead2a2201634f15676eb8091742f1b48
Embed question,lib/editor/atto/plugins/embedquestion,git@github.com:moodleou/moodle-atto_embedquestion.git,2018 The Open University,2019111500,v1.5,600ece7b5c51e3a55b1210af6f25bd3289752431
Font family,lib/editor/atto/plugins/fontfamily,git@github.com:projectestac/moodle-atto_fontfamily.git,2015 Pau Ferrer OCaña,2015051500,v1.1,962b8d8000c6449a7d971f60b9af677155f0d92d
Font size,lib/editor/atto/plugins/fontsize,git@github.com:andrewnicols/moodle-atto_fontsize.git,2014 Andrew Nicols 2015 Adam Jenkins,2015042701,master,d6b5551a99c35e60f2a2887c181cb3c574c258b1
Toggle full screen,lib/editor/atto/plugins/fullscreen,git@github.com:dthies/moodle-atto_fullscreen.git,2014 Daniel Thies <dthies@ccal.edu>,2015122006,,322a5bc7bec6ed08eb4ea35ce1783de2d914fcb2
HTMLPlus,lib/editor/atto/plugins/htmlplus,git@github.com:ULCC-QMUL/moodle-editor_atto_htmlplus.git,2014 Andrew Nicols <andrew@nicosl.co.uk>,2015082100,master,9a3320fc70b2fd1c6679e7b1b8c0d4de9b291860
Embed Kaltura Media,lib/editor/atto/plugins/kalturamedia,git@github.com:ULCC-QMUL/moodle-editor_atto_kalturamedia.git,2013 Damyon Wiese<damyon@moodle.com>,2019080436,moodle_36_dev,3154747dd73a5c1c39925bf41f10b245139aa879
Mathslate,lib/editor/atto/plugins/mathslate,git@github.com:ULCC-QMUL/moodle-editor_atto_mathslate.git,2013 onward Daniel Thies <dthies@ccal.edu>,2015041602,master,54db736571710d0c354dd10f36dabd658a17758e
More font colors,lib/editor/atto/plugins/morefontcolors,git@github.com:ndunand/moodle-atto_morefontcolors.git,2014-2015 Université de Lausanne,2018050202,master,5cea04827ca0e5eba507068f59b037645c1c6233
QMplus Block Quote,lib/editor/atto/plugins/qmulblockquote,git@github.com:ULCC-QMUL/moodle-editor_atto_qmulblockquote.git,2015 Queen Mary University of London,2015052909,develop_34,effc702b8e839afc336ea3e1278873410fab96a9
QMplus Citation,lib/editor/atto/plugins/qmulcite,git@github.com:ULCC-QMUL/moodle-editor_atto_qmulcite.git,2015 Queen Mary University of London,2015052905,master,9172fb703b6430c8e5d915c1ace48cff849ae434
QMplus Columns,lib/editor/atto/plugins/qmulcolumns,git@github.com:ULCC-QMUL/moodle-editor_atto_qmulcolumns.git,2015 Queen Mary University of London,2017052301,develop_34,a33ab2520f65786e2a104c5d82a042a4eb5c3286
QMplus Icons,lib/editor/atto/plugins/qmulicons,git@github.com:ULCC-QMUL/moodle-editor_atto_qmulicons.git,2015 Queen Mary University of London,2015052907,develop_34,40f4326cdf45cdc614b71dacca0742f14a6dcc2e
QMplus Text Highlighter,lib/editor/atto/plugins/qmultexthighlight,git@github.com:ULCC-QMUL/moodle-editor_atto_qmultexthighlight.git,2015 Queen Mary University of London,2015062903,master,0b508268c323580215f390c9692fc322bb36b84a
QMplus Headers,lib/editor/atto/plugins/qmultitle,git@github.com:ULCC-QMUL/moodle-editor_atto_qmultitle.git,2015 Queen Mary University of London,2015072703,develop_34,43c17fe2905e5c98959c4ddcfe2acccfa8b15a66
Snippet (Atto),lib/editor/atto/plugins/snippet,git@github.com:/justinhunt/moodle-atto_snippet,COPYRIGHTINFO,2018041000,gdpr,b6785061ca85c9b36990886f70c83390367b4c57
Kaltura media,lib/editor/tinymce/plugins/kalturamedia,git@github.com:ULCC-QMUL/moodle-editor_tinymce_kalturamedia.git,(C) 2014 Remote Learner.net Inc http://www.remote-learner.net,2019080436,moodle_36_dev,8adfedfd98b0ff95b82e6e4436a1947d4a3148d5
TinyMCE Mathslate,lib/editor/tinymce/plugins/mathslate,git@github.com:ULCC-QMUL/moodle-editor_tinymce_mathslate.git,2013 onward Daniel Thies,2015041701,master,c765d15309e94d64193acf2408e5fb555ed77bab
Activity to do list,local/activitytodo,git@github.com:ULCC-QMUL/moodle-local_activitytodo.git,2017 Davo SmithSynergy Learning,2017051000,develop_34,de5af51985fabaa90aa7c7acb29d906ffffaf6af
Anonymous posting in forums,local/anonymousposting,git@github.com:jleyva/moodle-local_anonymousposting.git,2011 Juan Leyva <juanleyvadelgado@gmail.com>,2017091200,master,925078363789fccd20fde1b219dc8fe0dee68cf9
BulkActions,local/bulkactions,git@github.com:ULCC-QMUL/moodle-local_bulkactions,,2019061200,master,665f505dc207c001c7cdcfe97407fbb866616471
course_backup,local/course_backup,git@github.com:ULCC-QMUL/moodle-local_course_backup.git,Gerry G Hall <gerryghall.co.uk>,2013011301,master,fc901519cfda3ac40cf00354ddaec37ebb80a269
Course Creation Wizard,local/course_creation_wizard,git@github.com:ULCC-QMUL/moodle-local_course_creation_wizard.git,,2018070900,Upgrade2019,0c2c9eb97af787c4763dedacafade1312797bea5
Kaltura package libraries,local/kaltura,git@github.com:ULCC-QMUL/moodle-local_kaltura.git,(C) 2014 Remote Learner.net Inc http://www.remote-learner.net,2019080436,moodle_36_dev,baf6abf20681dce8ed995786d1c9ed9121b4208d
Kaltura Media Gallery,local/kalturamediagallery,git@github.com:ULCC-QMUL/moodle-local_kalturamediagallery.git,(C) 2014 Remote Learner.net Inc http://www.remote-learner.net,2019080436,moodle_36_dev,5c9b2f2cd4d059a4953d0b57981d1d6627921ef2
Landingpages,local/landingpages,git@github.com:ULCC-QMUL/moodle-local_landingpages.git,,20160622000,master,7fac2191102a204161184be4891774d3a8d386a1
Moodle Mobile additional features,local/mobile,git@github.com:moodlehq/moodle-local_mobile.git,2014 Juan Leyva <juan@moodle.com>,2018120300,MOODLE_36_STABLE,1d380a400660fafd189153ffd4ca46c462728f26
Microsoft Account,local/msaccount,git@github.com:Microsoft/moodle-local_msaccount.git,MicrosoftInc.,2016062002,master,b83a35402647925e4ae4a746770cd23607c2014c
My Media,local/mymedia,git@github.com:ULCC-QMUL/moodle-local_mymedia.git,(C) 2014 Remote Learner.net Inc http://www.remote-learner.net,2019080436,moodle_36_dev,a372fbd47b94b40ccbd84ec909d1278a94131fb5
Microsoft Office 365 Integration,local/o365,git@github.com:Microsoft/moodle-local_o365.git,(C) 2014 onwards MicrosoftInc. (http://microsoft.com/),2018120300,v3.6.0.0,2fc3b20694a28ead6aae53cb30f627f51d01c9c5
Office 365 Integration,local/office365,git@github.com:Microsoft/moodle-local_office365.git,(C) 2014 onwards MicrosoftInc. (http://microsoft.com/),2018120300,v3.6.0.0,fbfe9824b28dcd58018acb34f610b0e1e27fb0ee
Microsoft OneNote,local/onenote,git@github.com:Microsoft/moodle-local_onenote.git,MicrosoftInc.,2018120300,MOODLE_36_STABLE,bf16d8682bb34c6acc5e00b39fb0b4c051009af0
Orphan2Stealth,local/orphan2stealth,git@github.com:ULCC-QMUL/moodle-local_orphan2stealth.git,,2018070301,live,f828c0ccaa20c1a39ee49704a70239be900a28ff
Pearson Custom (Local),local/pearson,git@github.com:ULCC-QMUL/moodle-local_pearson.git,,2017052300,master,d910749f3e795616497b40a3c3c7065799c30e7a
QMUL Physics App Page Renderer,local/physicsapp,git@github.com:ULCC-QMUL/moodle-local_physicsapp.git,,2013090400,master,ab005d9c6e69a8333d415d433d8f1cfbcaaeee1e
Activities Calendar,local/qm_activities,git@github.com:ULCC-QMUL/moodle-local_qm_activities.git,,2019082700,,7d910fbc3df3ce9c27ba0d2725ee768c2ee66a84
Coursework coversheet,local/qmcw_coversheet,git@github.com:ULCC-QMUL/moodle-local_qmcw_coversheet.git,2017 Queen Mary University of London,2018072300,master,9d87fbb8acbcdbe8ed55485023c1baabd5827726
QMUL Model,local/qmframework,git@github.com:ULCC-QMUL/moodle-local_qmframework.git,2017 onwards Catalyst IT {@link http://www.catalyst-eu.net/},2018062500,client-qmul-3.4-prod-WR313667,ac0a5f23308433bef19cdd0b9a4545ea1f0b6234
Gradesplus,local/qmul_dashboard,git@github.com:ULCC-QMUL/moodle-local_qmul_dashboard.git,2015 Queen Mary University of London,2017021400,,35174506e924e567ba83f21e038f069fc848446a
QMUL Download Submissions,local/qmul_download_submissions,git@github.com:ULCC-QMUL/moodle-local_qmul_download_submissions.git,2016 Queen Mary University of London,2016050300,,4d9a5bbf16a7955f8ca8b3c1820b6a4ea4f3d3d9
Qmul messaging,local/qmul_messaging,git@github.com:ULCC-QMUL/moodle-local_qmul_messaging.git,,2018041101,,d96707fb6cb8fee7d3007108d5123f1c63020ed8
QMUL sync,local/qmul_sync,git@github.com:ULCC-QMUL/moodle-local_qmul_sync.git,,2015070301,master,fabe04e92714747258cd30d5841babb5ab7041b5
QMUL JP Students system enrollment (CLI),local/qmul_system_role_sync,git@github.com:ULCC-QMUL/moodle-local_qmul_system_role_sync.git,Greg Pasciak/QMUL,2016011300,develop_30,4ea737fe894b89d414a563099d77a3b10b527d57
Qsection,local/qsection,git@github.com:ULCC-QMUL/moodle-local_qsection.git,,2018121801,master,7c0cbb55eaa35a68348ffbb5dc529e5dca61db84
Rollover Plugin,local/rollover_plugin,git@github.com:ULCC-QMUL/moodle-local_rollover_plugin.git,,2016021700,Jan2017,3d003c38bda3d73c964390ddb6eec91ea1cf47a5
Sandbox,local/sandbox,git@github.com:moodleuulm/moodle-local_sandbox.git,2014 Alexander BiasUlm University <alexander.bias@uni-ulm.de>,2019012500,v3.6-r1,94994ccbd605f8eceff924dac09b2602412ae582
Simple Course Creator,local/simple_course_creator,git@github.com:doiphode/moodle-local_simple_course_creator.git,2019 Queen Mary University of London,2019042203,,3555d50e75d32e4b81d875e452bdecf1ed24e87e
TabTransformer,local/tabtransformer,git@github.com:ULCC-QMUL/moodle-local_tabtransformer.git,,2019020100,,d51068d204e7fd671639991c61538e3a4c617111
Widget plugins for widgets block,local/widgets,git@github.com:ULCC-QMUL/moodle-local_widgets.git,2017 Davo SmithSynergy Learning,2018041100,develop_36,b18336561bde85933e10c42ade621905b4c5c417
Level up! Plus,local/xp,git@github.com:ULCC-QMUL/moodle-local_xp.git,2017 Frédéric Massart,2019062500,master,26c1d65057c86cff4b5b0920d633907e74f93c82
,mod/adaptivequiz,git@github.com:ULCC-QMUL/moodle-mod_adaptivequiz.git,,,master,ae70093c6711030f48c4edc8fab68981a893948f
Aspire resource list,mod/aspirelist,git@github.com:tonyjbutler/moodle-mod_aspirelist.git,2014 onwards Lancaster University {@link http://www.lancaster.ac.uk/},2016121900,MOODLE_32_STABLE,45f259eeb33e2ef35708098e806d8fbfa0ca44c4
Course Resource List,mod/aspirelists,git@github.com:ULCC-QMUL/talis-mod_aspirelists.git,,2017091902,sept_2019,ef1f83c5167ed85f33e064c86ad14d8590a60d0e
OneNote feedback,mod/assign/feedback/onenote,git@github.com:Microsoft/moodle-assignfeedback_onenote.git,MicrosoftInc. (based on files by NetSpot {@link http://www.netspot.com.au}),2018120300,MOODLE_36_STABLE,c7b962a7d7afc529039080af71bdddd266de7861
Mahara portfolio,mod/assign/submission/mahara,git@github.com:ULCC-QMUL/moodle-assignsubmission_mahara.git,2012 Lancaster University,2017101600,master,dca9348afb6285000cec1ba57f087da85143a91c
OneNote submissions,mod/assign/submission/onenote,git@github.com:Microsoft/moodle-assignsubmission_onenote.git,MicrosoftInc. (based on files by NetSpot {@link http://www.netspot.com.au}),2018120300,MOODLE_36_STABLE,88d1ae92833a9b259e578b94f2b555d5b4923522
Online audio recording,mod/assign/submission/onlineaudio,git@github.com:ULCC-QMUL/moodle-assignsubmission_onlineaudio.git,2012 Paul Nicholls,2014112403,master,fad37d41f6d67feab0bd2e5a176e3ac328129bf6
Coursework coversheet submission,mod/assign/submission/qmcw_coversheet,git@github.com:ULCC-QMUL/moodle-mod-assign-submission_qmcw_coversheet.git,2017 Queen Mary University of London,2018072300,timebox1.1,d01684e4c2e7559293685f3b53b02d9d8197fc5d
Attendance,mod/attendance,git@github.com:danmarsden/moodle-mod_attendance.git,2011 Artem Andreev <andreev.artem@gmail.com>,2018032200,,7c55986d91ef3ccec44c6657f093519554c15d28
Certificate,mod/certificate,git@github.com:markn86/moodle-mod_certificate.git,Mark Nelson <markn@moodle.com>,2016061700,,6828f71d91a86b86cfff189e8599aa362e42b0c2
Checklist,mod/checklist,git@github.com:davosmith/moodle-checklist.git,,2019042600,,9f1ae628fafd717f3becba0116ebf9baf7fa2ef2
Group choice,mod/choicegroup,git@github.com:ndunand/moodle-mod_choicegroup.git,2013-2015 Université de Lausanne,2018070900,,d39923aa78d919859dfdd737f018fb1d189d8488
Collaborate Ultra,mod/collaborate,git@github.com:moodlerooms/moodle-mod_collaborate.git,Copyright (c) 2016 Blackboard Inc. (http://www.blackboard.com),2018080800,,6f65c6f4f8c3bf2583b9cc84178a9b6272c96b5f
Face-to-Face,mod/facetoface,git@github.com:catalyst/moodle-mod_facetoface.git,2014 onwards Catalyst IT <http://www.catalyst-eu.net>,2018110900,,5c9088177e3e313d8ba9b44c14638ed1ffe988d5
ForumNG,mod/forumng,git@github.com:moodleou/moodle-mod_forumng.git,2014 The Open University,2018011800,,08145766ee79d127dbaf4f231546a270b12bdeb3
H5P,mod/hvp,git@github.com:h5p/h5p-moodle-plugin.git,2016 Joubel AS <contact@joubel.com>,2020020500,1.20.2,6d0a8aa7211842c0d89b1cb18300186b04da04d0
Journal,mod/journal,git@github.com:elearningsoftware/moodle-mod_journal.git,,2019011500,,c2bd1ed7e743bdc0535b771fe7a2dd628511b4cf
Kaltura Media Assignment,mod/kalvidassign,git@github.com:ULCC-QMUL/moodle-mod_kalvidassign.git,(C) 2014 Remote Learner.net Inc http://www.remote-learner.net,2019080436,moodle_36_dev,658137eaed60a90bb0533b3c81336dbc89aed674
Kaltura Video Presentation,mod/kalvidpres,git@github.com:ULCC-QMUL/moodle-mod_kalvidpres.git,(C) 2014 Remote Learner.net Inc http://www.remote-learner.net,2019080436,moodle_36_dev,84234fb5f03315b915138ff69fe4451de4b60584
Kaltura Video Resource,mod/kalvidres,git@github.com:ULCC-QMUL/moodle-mod_kalvidres.git,(C) 2014 Remote Learner.net Inc http://www.remote-learner.net,2019080436,moodle_36_dev,b1c48459929a8b1b5b49190f0be4bf1d0eb2f14d
Lightbox Gallery,mod/lightboxgallery,git@github.com:ULCC-QMUL/moodle-mod_lightboxgallery.git,2014 NetSpot Pty Ltd,2017110901,master,abcf0a94a4f4a889e3eb5b627f7ab0c1d0c7c59a
,mod/nln,git@github.com:tonyjbutler/moodle-mod_nln.git,,,master,811fe56b468e913cab47666bcb3cf7d2dcae0dec
OU Blog,mod/oublog,git@github.com:moodleou/moodle-mod_oublog.git,,2018032001,,b03ae1bbeb63d5fe588abe2f8a798e9a70d18bb8
OU wiki,mod/ouwiki,git@github.com:moodleou/moodle-mod_ouwiki.git,2014 The Open University,2017101200,,141cc81b1268b4aa5414f3a7f195ffb2849c168b
Pearson Custom (Mod),mod/pearson,git@github.com:ULCC-QMUL/moodle-mod_pearson.git,,2017052300,master,6ed9cdd8e5ac69e0eb3a39e7b009880d1e980062
QMEvaluation,mod/qmevaluation,git@github.com:ULCC-QMUL/moodle-mod_qmevaluation.git,,2018110113,,fe0ef7394f5a702dded5180ca5d32a5c3c48554f
Questionnaire,mod/questionnaire,git@github.com:PoetOS/moodle-mod_questionnaire.git,,2018110101,3.6.1,9d2e71ebc8d0470bf5f56f3c482398a2d28758df
Acknowledge plagiarism statement access rule,mod/quiz/accessrule/honestycheck,git@github.com:moodleou/moodle-quizaccess_honestycheck.git,2011 The Open University,2018080900,,7d562cb16f365bc0ae1c336cc728f5992cbc40eb
Fair Allocation,mod/ratingallocate,git@github.com:learnweb/moodle-mod_ratingallocate.git,2014 T ReischmannC Usener,2018112900,v3.6-r1,2052b0c328104597a3b26eba5826831debb2b546
Scheduler,mod/scheduler,git@github.com:bostelm/moodle-mod_scheduler.git,2016 Henning Bostelmann and others (see README.txt),2018112700,,435306c86601a0ce51fba83a5250df4d15e3a98e
,mod/subcourse,git@github.com:mudrd8mz/moodle-mod_subcourse.git,2008 David Mudrak <david@moodle.com>,2019020100,v7.2.0,c03d4cb4baf4bbc6da589fa67194c35120d2c85e
Subpage,mod/subpage,git@github.com:ULCC-QMUL/moodle-mod_subpage.git,2014 The Open University,2018082900,QMU-develop-36,cbc3ca589bc117faf8619501786c75ba4f2dfe56
Tab display,mod/tab,git@github.com:ULCC-QMUL/moodle-mod_tab.git,oohoo.biz,2017121401,develop_34,d2d3bdaebe55a7675c1e1c90dfb6649f1b2e7333
$string[pluginname] = TurningTechnologies,mod/turningtech,git@github.com:ULCC-QMUL/moodle-mod_turningtech.git,Turning Technologies,2019061300,,08091022fd05c90ffd43ec639a5a65efeeb7cecc
,mod/turnitintool,git@github.com:turnitin/moodle-mod_turnitintool.git,2012 Turnitin,2018052201,master,223f83bb18f3f0c8787e74dd550c8ed90f7ac296
Turnitin Assignment 2,mod/turnitintooltwo,git@github.com:turnitin/moodle-mod_turnitintooltwo.git,2012 iParadigms LLC,2019070201,^7a38ce09608a7dba0f94b12721ac1a04bd54904a,7a38ce09608a7dba0f94b12721ac1a04bd54904a
Turnitin plagiarism plugin,plagiarism/turnitin,git@github.com:turnitin/moodle-plagiarism_turnitin.git,2012 iParadigms LLC,2019121701,v2019121701,74f979a9fa7efd655d26e7e5749dde3a8fab7ce4
Adaptive mode with hinting,question/behaviour/adaptivehints,git@github.com:ULCC-QMUL/moodle-qbehaviour_adaptivehints.git,2013 Oleg SychevVolgograd State Technical University,2016120500,master,a8c58dc7308733fabf03c6c9fecbda0ad18a5da9
Adaptive mode with hinting (no penalties),question/behaviour/adaptivehintsnopenalties,git@github.com:ULCC-QMUL/moodle-qbehaviour_adaptivehintsnopenalties.git,2013 Oleg SychevVolgograd State Technical University,2016120500,master,8d9b46e4253fa2fc04a3d55aedf043599e17fe4c
Adaptive mode (multi-part questions),question/behaviour/adaptivemultipart,git@github.com:maths/moodle-qbehaviour_adaptivemultipart.git,2012 The Open University,2018080600,^2c4a2061a3024306da27d3aedc1e5fb29d4aef36,2c4a2061a3024306da27d3aedc1e5fb29d4aef36
Deferred feedback with CBM and explicit validation,question/behaviour/dfcbmexplicitvaildate,git@github.com:maths/moodle-qbehaviour_dfcbmexplicitvaildate.git,2012 The Open University,2018080600,master,8bbc8fe57cc2b0b071907da312b041ff41315216
Deferred feedback with explicit validation,question/behaviour/dfexplicitvaildate,git@github.com:maths/moodle-qbehaviour_dfexplicitvaildate.git,2012 The Open University,2018080600,master,e372327596e6ab54acee38f90264f2878b652370
Interactive mode with hinting,question/behaviour/interactivehints,git@github.com:ULCC-QMUL/moodle-qbehaviour_interactivehints.git,2013 Oleg SychevVolgograd State Technical University,2016120500,master,11b93c9ea712392bc5f2416a930109f793e591e6
Question managed by a remote engine,question/behaviour/opaque,git@github.com:moodleou/moodle-qbehaviour_opaque.git,2006 The Open University,2018081400,,df9aaa1eb624e18ae103d2b9aa7bc5fe5acf20ca
Microsoft Word 2010 table format (wordtable),question/format/wordtable,git@github.com:ecampbell/moodle-qformat_wordtable.git,2010-2016 Eoin Campbell,2018080301,,122bf8f7530e180bbcfdcd4a03077c1c9122b1be
Algebra,question/type/algebra,git@github.com:jmvedrine/moodle-qtype_algebra.git,Roger Moore <rwmoore@ualberta.ca>,2019042900,,78e02ce7adc2836c27b08e5ac4df919e420b156e
Gapfill,question/type/gapfill,git@github.com:ULCC-QMUL/moodle-qtype_gapfill.git,2013 Marcus Green,2017122301,master,b6c88d800b567eb5bff2e13007fa95b02b808287
,question/type/jme,git@github.com:jmvedrine/moodle-qtype_jme.git,,,master,9d63b4e9f041d9afe65cb6b8786c4a6391ed5179
All-or-Nothing Multiple Choice,question/type/multichoiceset,git@github.com:jmvedrine/moodle-qtype_multichoiceset.git,1999 onwards Martin Dougiamas{@link http://moodle.com},2018013100,,af2025c09af26238e9402a5d5305041cd5ed4474
Multinumerical,question/type/multinumerical,git@github.com:ndunand/moodle-qtype_multinumerical.git,2013 Université de Lausanne,2018050801,2018050801,67ba647a25d171a593c54951648ae2d33e888cb1
Opaque,question/type/opaque,git@github.com:moodleou/moodle-qtype_opaque.git,2006 The Open University,2018112100,v2.7,de7598529de28d32b49b11f6f797bc0c508c0073
Ordering,question/type/order,git@github.com:ULCC-QMUL/moodle-qtype_order.git,,2014071900,master,cbbe2119548977df01ab512c281f610d33e6182a
Ordering,question/type/ordering,git@github.com:gbateson/moodle-qtype_ordering.git,2013 Gordon Bateson (gordonbateson@gmail.com),2019030689,^13411ef2731841f2e807cbc923c42c044440ca31,13411ef2731841f2e807cbc923c42c044440ca31
Pattern match,question/type/pmatch,git@github.com:moodleou/moodle-qtype_pmatch.git,2011 The Open University,2019032700,,cb6961569c8e29fbf4d3c5483372ba2042feb4bc
Pattern match with molecular editor,question/type/pmatchjme,git@github.com:moodleou/moodle-qtype_pmatchjme.git,2011 The Open University,2018111900,v1.9,4a30fb007f0bf6b20875559922d575c135f67df5
Reverse pattern match,question/type/pmatchreverse,git@github.com:timhunt/moodle-qtype_pmatchreverse.git,2013 Tim Hunt,2018112000,v1.4,f6de3c12355197fc5b07478ec5acf24c821fe537
POAS abstract question,question/type/poasquestion,git@github.com:ULCC-QMUL/moodle-qtype_poasquestion.git,2012 Oleg SychevVolgograd State Technical University,2016120500,master,d308502fa5613661e65cdcd737a69310d210b067
Variable numeric,question/type/varnumeric,git@github.com:moodleou/moodle-qtype_varnumeric.git,2011 The Open University,2018112000,v1.8,5c6c7ac813fd17bd1ae21870e00bd0ad3bd16dbb
Variable numeric set,question/type/varnumericset,git@github.com:moodleou/moodle-qtype_varnumericset.git,2011 The Open University,2018112000,v1.8,4ec7ca66b414baea789585ed3accf75c7733423b
Variable numeric set with units,question/type/varnumunit,git@github.com:moodleou/moodle-qtype_varnumunit.git,2011 The Open University,2018112000,v1.6,a5e972fd0866bad45edf2139f71c39ffa85168a5
Accessibility report,report/allylti,git@github.com:blackboard-open-source/moodle-report_allylti.git,Copyright (c) 2016 Blackboard Inc. (http://www.blackboard.com),2018080801,MR-3.6-MP2,14baca8981392cf806331e96012d5549dab2b78c
Export Component Grades,report/componentgrades,git@github.com:pauln/moodle-report_componentgrades.git,2014 Paul Nicholls,2018090800,,3f2983e12b3d1475a4ba279d0bff15d0fde31540
Embedded questions progress,report/embedquestion,git@github.com:ULCC-QMUL/moodle-report_embedquestion.git,2019 The Open University,2019091601,dev,6e5798a58186c8e4804b42787cc376b14d8f70cf
Forum Graph,report/forumgraph,git@github.com:ctchanandy/moodle-report_forumgraph.git,2014-16 Andy Chan <ctchan.andy@gmail.com>,2016081200,Moodle-3.1,a7545dc7d15e139578ab9677158a96b496275ea2
Overview statistics,report/overviewstats,git@github.com:ULCC-QMUL/moodle-report_overviewstatistics.git,2013 David Mudrak <david@moodle.com>,2015060101,master,07a965b2ae5560e3dfced6129a4680fe47b8a38e
QM+ Admin Reports,report/qmplus,git@github.com:ULCC-QMUL/moodle-report_qmplus.git,2015 Queen Mary University of London,2018081200,,5d0ba2679de9ddd018274d953283e9bec98ee4fd
Evernote,repository/evernote,git@github.com:ULCC-QMUL/moodle-repository_evernote.git,2012 Frédéric Massart,2013113000,master,1962599fc84573a78c1509ff3340e66e6cf2a19b
Office 365,repository/office365,git@github.com:Microsoft/moodle-repository_office365.git,(C) 2014 onwards MicrosoftInc. (http://microsoft.com/),2018120300,MOODLE_36_STABLE,0b76b129d36751785e94432e7a458dc4b8673cd5
Boost Office365 Teams,theme/boost_o365teams,git@github.com:Microsoft/moodle-theme_boost_o365teams.git,2018 Enovation Solutions,2018120300,MOODLE_36_STABLE,b4c36620ca9db239ac31cc61455e187c322630fb
,theme/essential,git@github.com:gjb2048/moodle-theme_essential.git,,,master,23d777433f1c29d0e30e69b266dacb6082132f68
,theme/klass,git@github.com:ULCC-QMUL/moodle-theme_klass.git,,,master,5534b2a6e9cb3ff626fdcfe97b6bd38496db76fd
QMUL,theme/qmul,git@github.com:ULCC-QMUL/moodle-theme_qmul.git,2016 Andrew DavidsonSynergy Learning,2019050801,develop_36,6540a9d413a58e32b9a516cf4de68a24a1911ff2
Queen Mary University of London Humanities,theme/qmul_humanities,git@github.com:ULCC-QMUL/moodle-theme_qmul_humanities.git,2016 Andrew DavidsonSynergy Learning,2017042801,develop_36,fdc3a328dabf68c20a2cd988661278985dd1e16b
Queen Mary University of London Learning,theme/qmul_learning,git@github.com:ULCC-QMUL/moodle-theme_qmul_learning.git,2016 Andrew DavidsonSynergy Learning,2017042801,develop_36,2b94f58ea5704c259ce073f295f55fd5255f4f34
Queen Mary University of London lifesciences,theme/qmul_lifesciences,git@github.com:ULCC-QMUL/moodle-theme_qmul_lifesciences.git,2016 Andrew DavidsonSynergy Learning,2017042801,develop_36,6c108aa0ebcb071c422908d55adcb9f3178662cd
Queen Mary University of London Medicine,theme/qmul_medicine,git@github.com:ULCC-QMUL/moodle-theme_qmul_medicine.git,2016 Andrew DavidsonSynergy Learning,2017042801,develop_36,6a5ef34dc715f8a5d6d2f72dea4abcd08fd67f8d
Queen Mary University of London Science,theme/qmul_science,git@github.com:ULCC-QMUL/moodle-theme_qmul_science.git,2016 Andrew DavidsonSynergy Learning,2017042801,develop_36,e1445725de431337b56414f5df249dc54d0a5ec8
Bootstrap Base,theme/synergy_bootstrap,git@github.com:ULCC-QMUL/moodle-theme_synergy_bootstrap.git,2013 Bas Brandswww.basbrands.nl,2013121900,develop,9cceaa093fcaa947e4ea6800e090cce1470ba279
Queen Mary University of London Institute of Paris,theme/ulip,git@github.com:ULCC-QMUL/moodle-theme_ulip,2016 Andrew DavidsonSynergy Learning,2017042801,develop_36,71fa111ce72eda31a9cfa3242c96537e1e0aaeeb
Office 365 Connection,user/profile/field/o365,git@github.com:ULCC-QMUL/moodle-profilefield_o365.git,(C) 2014 onwards MicrosoftInc. (http://microsoft.com/),2016062000,master,c5690266d2c0c31017b12c9b34353590293416ca
OpenIDConnect Management,user/profile/field/oidc,git@github.com:ULCC-QMUL/moodle-profilefield_oidc.git,(C) 2014 onwards MicrosoftInc. (http://microsoft.com/),2016062000,master,e8033ebd8069855cbbd969d8b61dd8368ca80b37
